instance,n_nodes,ilp2_status,ilp2_length,ilp2_time_s,skewgram_length,skewgram_time_s,speedup_vs_ilp2,gap_pct_vs_ilp2
100_1,100,not_found,,0.4958,9,3.241718292236328,0.1529435797019759,
100_10,100,found,11.0,14.1786,10,2.437600612640381,5.816621445890557,-9.090909090909092
100_100,100,found,10.0,23.2438,10,2.63147234916687,8.833001801200396,0.0
100_101,100,found,11.0,15.8858,11,2.6465041637420654,6.002559987488562,0.0
100_102,100,found,8.0,19.0953,8,2.716334342956543,7.029804725443364,0.0
100_103,100,found,9.0,32.9715,8,3.7762439250946045,8.731295078925278,-11.11111111111111
100_104,100,found,9.0,87.7555,8,3.1122822761535645,28.196510539029916,-11.11111111111111
100_105,100,found,8.0,29.9232,8,3.28338360786438,9.113525427954192,0.0
100_106,100,found,13.0,26.6886,9,3.5951035022735596,7.423597118447915,-30.76923076923077
100_107,100,found,8.0,21.9498,8,2.2732162475585938,9.655834557567418,0.0
100_108,100,found,10.0,26.6387,10,2.949993848800659,9.030086625716237,0.0
100_109,100,found,13.0,8.8641,12,3.12597393989563,2.8356282459270776,-7.6923076923076925
100_11,100,found,11.0,40.2863,11,3.3302958011627197,12.096913429111815,0.0
100_110,100,found,13.0,25.9121,13,3.1151819229125977,8.318005381776548,0.0
100_111,100,found,6.0,27.6601,5,3.532630681991577,7.829887268149462,-16.666666666666668
100_112,100,found,8.0,43.7839,8,2.4887664318084717,17.59261111866744,0.0
100_113,100,found,10.0,28.3447,10,3.176675796508789,8.922755048264989,0.0
100_114,100,found,14.0,36.9024,14,3.9119441509246826,9.43326350691311,0.0
100_115,100,found,10.0,27.6791,9,3.0729408264160156,9.007365114896226,-10.0
100_116,100,found,13.0,27.696,13,3.00197434425354,9.22592828050527,0.0
100_117,100,found,13.0,32.3045,13,2.954257011413574,10.934898309522064,0.0
100_12,100,found,9.0,33.3919,9,4.368560075759888,7.643685658641574,0.0
100_121,100,found,6.0,19.5942,6,2.2825894355773926,8.584198145578268,0.0
100_128,100,found,13.0,18.4449,13,3.315093517303467,5.563915438199548,0.0
100_13,100,found,8.0,39.2372,8,3.227957248687744,12.155427404111697,0.0
100_14,100,found,12.0,8.5074,12,2.343153476715088,3.630748085663893,0.0
100_15,100,found,13.0,15.2826,13,2.759119987487793,5.538939976986997,0.0
100_16,100,found,12.0,23.2299,12,3.4556190967559814,6.722355488140301,0.0
100_17,100,found,11.0,26.8972,9,3.255525588989258,8.262014616309855,-18.181818181818183
100_18,100,found,8.0,27.5516,8,2.3493916988372803,11.727120689851485,0.0
100_19,100,found,13.0,19.372,13,2.6121535301208496,7.416103141190084,0.0
100_190,100,found,11.0,25.4447,11,3.183499336242676,7.992682677933617,0.0
100_193,100,found,14.0,14.5339,14,2.9994609355926514,4.845504012916343,0.0
100_197,100,found,11.0,19.7299,11,2.627661943435669,7.508538169945541,0.0
100_2,100,not_found,,1.7166,11,2.1715400218963623,0.790498900637773,
100_20,100,found,10.0,23.8971,10,4.019350051879883,5.945513501324208,0.0
100_201,100,found,12.0,22.1245,12,3.3877837657928467,6.530670647694712,0.0
100_207,100,found,7.0,32.749,7,3.035796880722046,10.787612375506114,0.0
100_21,100,found,8.0,59.343,8,3.0927515029907227,19.187768542870227,0.0
100_22,100,found,7.0,35.4311,7,3.940312623977661,8.99195149755226,0.0
100_227,100,found,10.0,27.0768,10,2.498717784881592,10.836277775676496,0.0
100_228,100,found,8.0,28.753,8,3.094783067703247,9.290796598980576,0.0
100_23,100,found,13.0,50.6519,13,3.645589828491211,13.894020551665612,0.0
100_24,100,found,6.0,38.5927,6,3.6005759239196777,10.718479714208335,0.0
100_25,100,found,14.0,3.7026,14,3.24878191947937,1.1396886869505096,0.0
100_251,100,found,11.0,51.4017,11,4.334888935089111,11.857674041871006,0.0
100_254,100,found,7.0,22.7026,7,2.4771053791046143,9.164971418457048,0.0
100_26,100,found,6.0,32.6069,6,2.8117406368255615,11.596695503470405,0.0
100_269,100,found,13.0,17.0035,12,3.3923637866973877,5.012286732536324,-7.6923076923076925
100_27,100,found,9.0,25.8917,9,3.130124568939209,8.271779422751418,0.0
100_28,100,found,13.0,23.812,12,3.4863479137420654,6.830069915323349,-7.6923076923076925
100_29,100,found,8.0,40.4517,8,2.462562322616577,16.4266705571205,0.0
100_3,100,found,13.0,19.3099,13,3.550900936126709,5.43802836163125,0.0
100_30,100,found,6.0,23.6338,6,2.9313011169433594,8.062563024792334,0.0
100_304,100,found,9.0,14.9537,9,2.508122205734253,5.962109807014887,0.0
100_31,100,found,11.0,31.1486,11,3.3081727027893066,9.415651115716196,0.0
100_32,100,found,12.0,26.4291,12,3.3953897953033447,7.783819117486279,0.0
100_320,100,found,12.0,33.9114,12,3.138669490814209,10.804387049750488,0.0
100_324,100,found,8.0,28.5909,8,3.676661252975464,7.776321513672721,0.0
100_33,100,found,7.0,19.7476,7,2.548316478729248,7.74927296700895,0.0
100_332,100,found,11.0,12.5968,11,3.2639737129211426,3.8593448072614236,0.0
100_34,100,found,13.0,12.1304,13,4.023331880569458,3.015013516181289,0.0
100_341,100,found,9.0,27.6765,5,4.157001733779907,6.657803333373672,-44.44444444444444
100_35,100,found,9.0,32.088,9,2.8608956336975098,11.216068011026492,0.0
100_352,100,found,14.0,62.8609,13,5.680540084838867,11.06600764384591,-7.142857142857143
100_36,100,found,11.0,9.4763,11,4.116354942321777,2.302109544191788,0.0
100_37,100,found,9.0,19.0702,9,3.778874397277832,5.046529202912248,0.0
100_38,100,found,6.0,51.3042,6,4.832252740859985,10.617035728737465,0.0
100_388,100,found,15.0,58.1798,11,4.0955970287323,14.20545029011515,-26.666666666666668
100_39,100,found,9.0,34.1629,8,4.134029388427734,8.263826110097618,-11.11111111111111
100_397,100,found,6.0,37.2064,6,4.636539459228516,8.024605490188335,0.0
100_4,100,found,11.0,28.9763,11,3.2443366050720215,8.931348231468958,0.0
100_40,100,found,11.0,16.2326,11,3.451389789581299,4.703206820916406,0.0
100_402,100,found,11.0,13.1596,11,3.3112268447875977,3.9742369269309714,0.0
100_41,100,found,13.0,6.1151,12,3.595024824142456,1.7009896451712745,-7.6923076923076925
100_411,100,found,6.0,48.4279,5,3.358860492706299,14.417955168176903,-16.666666666666668
100_413,100,found,8.0,61.73,7,3.460726261138916,17.83729637711502,-12.5
100_42,100,found,9.0,15.7299,9,3.829798698425293,4.107239371737136,0.0
100_429,100,found,8.0,20.0068,8,2.8084890842437744,7.12368800443001,0.0
100_43,100,found,10.0,22.0051,10,3.352830410003662,6.563141378801788,0.0
100_437,100,found,8.0,24.4044,8,3.315732002258301,7.360184714379355,0.0
100_45,100,found,7.0,50.5638,7,3.5253190994262695,14.343042026530036,0.0
100_457,100,found,10.0,22.9146,10,3.7497036457061768,6.1110429423508545,0.0
100_46,100,found,7.0,58.5569,7,3.0415995121002197,19.2520086116027,0.0
100_47,100,found,13.0,12.3226,13,3.873142719268799,3.181550718153333,0.0
100_471,100,found,14.0,31.0732,13,3.27455472946167,9.489290168348589,-7.142857142857143
100_478,100,found,10.0,25.5266,10,3.139457941055298,8.130894084033972,0.0
100_48,100,found,9.0,28.3482,8,2.670903205871582,10.613712970833504,-11.11111111111111
100_489,100,found,7.0,46.6681,7,3.2475101947784424,14.370424479355293,0.0
100_49,100,found,11.0,28.8919,10,5.436732769012451,5.31420270730872,-9.090909090909092
100_491,100,found,7.0,18.6073,7,4.516125917434692,4.120190698883249,0.0
100_5,100,found,8.0,29.4216,8,4.746851682662964,6.19812919528478,0.0
100_50,100,found,12.0,23.2079,12,3.8938241004943848,5.960181919119915,0.0
100_52,100,found,6.0,24.7084,6,4.880648851394653,5.062523601332133,0.0
100_527,100,found,11.0,15.8287,4,4.467452764511108,3.543115245837904,-63.63636363636363
100_53,100,found,14.0,3.8073,14,3.3351550102233887,1.1415661306084202,0.0
100_54,100,found,16.0,9.7655,16,3.686946392059326,2.6486688336538373,0.0
100_55,100,found,16.0,17.6103,14,3.9522299766540527,4.455788277510316,-12.5
100_56,100,found,9.0,31.4683,9,3.004286766052246,10.474466138048005,0.0
100_563,100,not_found,,3.4998,9,2.5391223430633545,1.3783502829476206,
100_57,100,found,11.0,30.8995,11,3.093585968017578,9.988246752942482,0.0
100_58,100,found,11.0,46.2624,10,3.50728178024292,13.190385859671586,-9.090909090909092
100_59,100,found,11.0,11.1935,11,3.7235634326934814,3.0061257723500243,0.0
100_6,100,found,8.0,20.0221,8,2.9527394771575928,6.780855593556785,0.0
100_60,100,found,7.0,21.18,7,3.1737046241760254,6.673588915193665,0.0
100_64,100,found,10.0,20.5138,10,2.5747039318084717,7.967440351711084,0.0
100_65,100,found,11.0,30.4729,11,4.373437881469727,6.967722150373691,0.0
100_66,100,found,16.0,9.9809,16,5.073378086090088,1.9673085330196638,0.0
100_67,100,found,11.0,57.5599,10,4.282431364059448,13.440939295157133,-9.090909090909092
100_68,100,found,11.0,18.7044,11,2.9472622871398926,6.346364245087695,0.0
100_69,100,found,10.0,21.2174,10,3.2036333084106445,6.622917780351763,0.0
100_7,100,found,11.0,36.1501,11,4.1587464809417725,8.692547181143295,0.0
100_70,100,found,12.0,30.2049,12,4.426976919174194,6.822917885380438,0.0
100_71,100,found,7.0,29.9598,7,3.7287042140960693,8.034909255268724,0.0
100_72,100,found,8.0,31.1973,8,3.0322728157043457,10.28842122596195,0.0
100_73,100,found,11.0,37.2181,11,3.770141839981079,9.871803656115702,0.0
100_74,100,found,8.0,26.0055,8,3.642993927001953,7.138496665406618,0.0
100_75,100,found,10.0,27.4656,10,3.3211817741394043,8.269827389112713,0.0
100_76,100,found,8.0,40.9815,8,3.474794626235962,11.79393443588717,0.0
100_77,100,found,15.0,4.0204,14,4.052861452102661,0.9919904856145972,-6.666666666666667
100_78,100,found,6.0,53.395,6,2.821514368057251,18.92423466082331,0.0
100_79,100,found,12.0,35.0777,11,3.4895851612091064,10.052111749536992,-8.333333333333334
100_8,100,found,14.0,12.0305,10,3.7184224128723145,3.2353774434967915,-28.571428571428573
100_80,100,found,10.0,34.6392,9,3.936537981033325,8.799407034022153,-10.0
100_81,100,found,12.0,14.4936,12,2.8588905334472656,5.069658957009291,0.0
100_82,100,found,11.0,25.1114,11,3.7043464183807373,6.778901637114388,0.0
100_83,100,found,11.0,29.9754,11,3.4888200759887695,8.591844619990798,0.0
100_9,100,found,8.0,50.4567,7,3.1890454292297363,15.8218818513937,-12.5
